Master_Record_Number,County,City,Date,Year,Crash_Type,Cross_Street,Primary_Factor,Manner_of_Collision,Injury_Status,Light_Conditions,Weather_Conditions,Surface_Conditions,Latitude,Longitude,Nature_of_Injury,Fatal_SSI
904642438,BOONE,ZIONSVILLE,1/1/25,2025,Pedestrian,N FORD RD & BOONE VILLAGE,DRIVER DISTRACTED - EXPLAIN IN NARRATIVE,OTHER - EXPLAIN IN NARRATIVE,UNKNOWN,DARK (LIGHTED),CLEAR,DRY,39.95176,-86.27888,NONE VISIBLE,Other
904643374,HAMILTON,NOBLESVILLE,1/3/25,2025,Pedestrian,FUNNY CIDE DRIVE,OTHER (DRIVER) - EXPLAIN IN NARRATIVE,RAN OFF ROAD,NON-INCAPACITATING,DARK (NOT LIGHTED),SNOW,WET,40.0053,-85.96789,COMPLAINT OF PAIN,Other
904648983,JOHNSON,GREENWOOD,1/9/25,2025,Pedestrian,MERIDIAN PARKE DR; KROGER,FAILURE TO YIELD RIGHT OF WAY,OTHER - EXPLAIN IN NARRATIVE,NON-INCAPACITATING,DAYLIGHT,CLEAR,DRY,39.61878,-86.15955,SEVERE BLEEDING,SSI
904651048,HAMILTON,CARMEL,1/5/25,2025,Pedestrian,E 116TH STREET & WOOD CREEK DR,PEDESTRIAN ACTION,OTHER - EXPLAIN IN NARRATIVE,UNKNOWN,DAYLIGHT,SNOW,SNOW/SLUSH,39.95667,-86.08536,COMPLAINT OF PAIN,Other
904654587,HAMILTON,FISHERS,1/17/25,2025,Pedalcyclist,LANTERN RD & NICKEL PLATE TRL,FAILURE TO YIELD RIGHT OF WAY,OTHER - EXPLAIN IN NARRATIVE,NON-INCAPACITATING,DARK (LIGHTED),CLOUDY,WET,39.96095,-86.01368,COMPLAINT OF PAIN,Other
904655467,JOHNSON,GREENWOOD,1/15/25,2025,Pedestrian,COUNTY LINE RD & EMERSON AVE,PEDESTRIAN ACTION,RIGHT TURN,POSSIBLE,DAYLIGHT,CLOUDY,SNOW/SLUSH,39.63633,-86.08289,NONE VISIBLE,Other
904657646,HANCOCK,,1/18/25,2025,Pedestrian,E OHIO ST. & EMERSON DR,OTHER (DRIVER) - EXPLAIN IN NARRATIVE,OTHER - EXPLAIN IN NARRATIVE,INCAPACITATING,DAYLIGHT,SNOW,ICE,39.93666,-85.83659,NONE VISIBLE,Other
904658224,HAMILTON,CARMEL,1/24/25,2025,Pedestrian,N MICHIGAN RD,OTHER (DRIVER) - EXPLAIN IN NARRATIVE,OTHER - EXPLAIN IN NARRATIVE,NON-INCAPACITATING,DAYLIGHT,CLEAR,SNOW/SLUSH,39.93113,-86.23325,COMPLAINT OF PAIN,Other
904661627,HAMILTON,WESTFIELD,1/25/25,2025,Pedestrian,PALMYRA DR & MARENGTO TRL,UNSAFE SPEED,COLLISION WITH OBJECT IN ROAD,INCAPACITATING,DARK (NOT LIGHTED),CLEAR,DRY,40.0245,-86.14742,FRACTURE/DISLOCATION,SSI
904662380,HAMILTON,WESTFIELD,1/31/25,2025,Pedalcyclist,SR 32,OTHER (VEHICLE) - EXPLAIN IN NARRATIVE,OTHER - EXPLAIN IN NARRATIVE,NOT REPORTED,DARK (LIGHTED),CLEAR,DRY,40.04227,-86.14694,NONE VISIBLE,Other
904663799,HAMILTON,FISHERS,2/3/25,2025,Pedestrian,126TH ST & THORPE CREEK PKWY,FAILURE TO YIELD RIGHT OF WAY,LEFT TURN,INCAPACITATING,DAWN/DUSK,CLEAR,DRY,39.97263,-85.89975,CRUSH INJURY,SSI
904664953,HAMILTON,WESTFIELD,2/5/25,2025,Pedestrian,US 31,FAILURE TO YIELD RIGHT OF WAY,RIGHT ANGLE,INCAPACITATING,DAYLIGHT,CLOUDY,DRY,40.04256,-86.13475,CONTUSION/BRUISE,Other
904666250,HAMILTON,NOBLESVILLE,2/9/25,2025,Pedestrian,GREENFIELD AVE & PROMISE RD,FAILURE TO YIELD RIGHT OF WAY,SAME DIRECTION SIDESWIPE,INCAPACITATING,DARK (LIGHTED),CLEAR,DRY,40.01379,-85.9711,INTERNAL,SSI
904667486,HAMILTON,CARMEL,2/10/25,2025,Pedalcyclist,GRAY RD & MAIN ST,FAILURE TO YIELD RIGHT OF WAY,OTHER - EXPLAIN IN NARRATIVE,NON-INCAPACITATING,DAYLIGHT,CLEAR,DRY,39.97859,-86.08955,ABRASION,Other
904670076,HANCOCK,GREENFIELD,2/11/25,2025,Pedestrian,WINFIELD PARK DRIVE,FAILURE TO YIELD RIGHT OF WAY,REAR END,NON-INCAPACITATING,DARK (NOT LIGHTED),CLOUDY,DRY,39.7856,-85.80164,COMPLAINT OF PAIN,Other
904672852,HANCOCK,GREENFIELD,2/18/25,2025,Pedestrian,FRANKLIN ST & MCKENZIE RD,FAILURE TO YIELD RIGHT OF WAY,OTHER - EXPLAIN IN NARRATIVE,NON-INCAPACITATING,DAYLIGHT,CLEAR,DRY,39.8004,-85.78438,MINOR BLEEDING,Other
904673770,HAMILTON,FISHERS,2/16/25,2025,Pedestrian,SR 37 & E. 141ST STREET,PEDESTRIAN ACTION,COLLISION WITH OBJECT IN ROAD,NON-INCAPACITATING,DARK (NOT LIGHTED),RAIN,WET,39.9935,-86.00378,MINOR BLEEDING,Other
904676355,HAMILTON,NOBLESVILLE,2/25/25,2025,Pedestrian,2501 MONUMENT ST & CAMELOT CT,OTHER (DRIVER) - EXPLAIN IN NARRATIVE,OTHER - EXPLAIN IN NARRATIVE,INCAPACITATING,DAYLIGHT,CLEAR,DRY,40.05109,-85.99899,COMPLAINT OF PAIN,Other
904677440,HAMILTON,WESTFIELD,2/25/25,2025,Pedestrian,SPRINGMILL ROAD & SPRINGMILL DEPOT DR,FAILURE TO YIELD RIGHT OF WAY,OTHER - EXPLAIN IN NARRATIVE,INCAPACITATING,DAYLIGHT,CLEAR,DRY,40.01858,-86.16507,ABRASION,Other
904677774,HENDRICKS,AVON,2/1/25,2025,Pedestrian,E US HIGHWAY 36 & RONALD REAGAN PW,PEDESTRIAN ACTION,RIGHT TURN,INCAPACITATING,DAWN/DUSK,CLEAR,DRY,39.7637,-86.33712,SEVERE BLEEDING,SSI
904678774,HENDRICKS,PLAINFIELD,2/28/25,2025,Pedestrian,STAFFORD RD & SIMMONS ST,FAILURE TO YIELD RIGHT OF WAY,RIGHT ANGLE,POSSIBLE,DAYLIGHT,CLEAR,DRY,39.69695,-86.38736,INTERNAL,SSI
904680832,HAMILTON,WESTFIELD,3/2/25,2025,Pedestrian,BYRDING DRIVE,FAILURE TO YIELD RIGHT OF WAY,BACKING CRASH,INCAPACITATING,DAYLIGHT,CLEAR,DRY,40.0151672,-86.150074,ABRASION,Other
904681456,HAMILTON,WESTFIELD,3/4/25,2025,Pedalcyclist,E 186TH ST & CELEBRATION WAY,FAILURE TO YIELD RIGHT OF WAY,RIGHT TURN,NON-INCAPACITATING,DAYLIGHT,CLOUDY,DRY,40.0571992,-86.1532153,CONTUSION/BRUISE,Other
904683847,HAMILTON,CARMEL,3/10/25,2025,Pedalcyclist,W CARMEL DRIVE & VETERANS WAY,OTHER (DRIVER) - EXPLAIN IN NARRATIVE,LEFT TURN,NOT REPORTED,DAYLIGHT,CLEAR,DRY,39.961505,-86.128605,COMPLAINT OF PAIN,Other
904683983,HANCOCK,MCCORDSVILLE,3/8/25,2025,Pedalcyclist,COUNTY ROAD 500 WEST ,OTHER (DRIVER) - EXPLAIN IN NARRATIVE,SAME DIRECTION SIDESWIPE,POSSIBLE,DARK (NOT LIGHTED),CLEAR,DRY,39.8702,-85.904312,COMPLAINT OF PAIN,Other
904685151,HAMILTON,FISHERS,3/14/25,2025,Pedestrian,E 116TH ST & BROOKS SCHOOL RD,FAILURE TO YIELD RIGHT OF WAY,LEFT TURN,NON-INCAPACITATING,DAYLIGHT,CLEAR,DRY,39.957682,-85.942297,ABRASION,Other
904686880,HENDRICKS,,3/14/25,2025,Pedestrian,EVESHAM PLANE & NARROW PLANE,PEDESTRIAN ACTION,COLLISION WITH OBJECT IN ROAD,INCAPACITATING,DAYLIGHT,CLEAR,DRY,39.793643,-86.343734,FRACTURE/DISLOCATION,SSI
904687383,JOHNSON,GREENWOOD,3/15/25,2025,Pedestrian,E MAIN ST,FAILURE TO YIELD RIGHT OF WAY,LEFT TURN,INCAPACITATING,DARK (LIGHTED),CLEAR,DRY,39.6142402,-86.0695578,INTERNAL,SSI
904687436,HAMILTON,WESTFIELD,3/15/25,2025,Pedestrian,E GREYHOUND PASS,OTHER (DRIVER) - EXPLAIN IN NARRATIVE,OTHER - EXPLAIN IN NARRATIVE,NON-INCAPACITATING,DAYLIGHT,CLEAR,DRY,40.002939,-86.12374,COMPLAINT OF PAIN,Other
904688007,HAMILTON,FISHERS,3/19/25,2025,Pedestrian,OLIO ROAD,UNSAFE BACKING,BACKING CRASH,NON-INCAPACITATING,DAYLIGHT,CLEAR,DRY,39.968215,-85.916148,COMPLAINT OF PAIN,Other
904689200,HENDRICKS,AVON,3/21/25,2025,Pedalcyclist,ROCKVILLE RD & RONALD REAGAN PKWY,PEDESTRIAN ACTION,OTHER - EXPLAIN IN NARRATIVE,REFUSED,DAYLIGHT,CLEAR,DRY,39.763649,-86.336931,COMPLAINT OF PAIN,Other
904695880,JOHNSON,GREENWOOD,4/2/25,2025,Pedestrian,N US 31; WEST ACCESS ROAD,FAILURE TO YIELD RIGHT OF WAY,OTHER - EXPLAIN IN NARRATIVE,NON-INCAPACITATING,DAYLIGHT,CLEAR,DRY,39.63393,-86.124569,COMPLAINT OF PAIN,Other
904698440,HENDRICKS,PLAINFIELD,4/8/25,2025,Pedestrian,E MAIN ST.,CELL PHONE USAGE,NON-COLLISION,NON-INCAPACITATING,DAYLIGHT,CLEAR,DRY,39.716356,-86.353491,COMPLAINT OF PAIN,Other
904700583,HENDRICKS,PLAINFIELD,4/13/25,2025,Pedestrian,SUMMER WAY & COUNTRY WAY,DRIVER DISTRACTED - EXPLAIN IN NARRATIVE,OTHER - EXPLAIN IN NARRATIVE,NON-INCAPACITATING,DAYLIGHT,CLEAR,DRY,39.709981,-86.364751,ABRASION,Other
904701451,HAMILTON,CARMEL,4/13/25,2025,Pedestrian,LOWES WAY,PEDESTRIAN ACTION,OTHER - EXPLAIN IN NARRATIVE,NOT REPORTED,DAYLIGHT,CLOUDY,DRY,39.998065,-86.123571,NONE VISIBLE,Other
904702310,HANCOCK,GREENFIELD,4/15/25,2025,Pedestrian,JEFFERSON ST & MAIN ST,FAILURE TO YIELD RIGHT OF WAY,RIGHT TURN,POSSIBLE,DAYLIGHT,CLOUDY,DRY,39.784333,-85.788722,COMPLAINT OF PAIN,Other
904702970,JOHNSON,GREENWOOD,4/15/25,2025,Pedestrian,CHANEY AVE,WRONG WAY ON ONE WAY,SAME DIRECTION SIDESWIPE,NON-INCAPACITATING,DAYLIGHT,CLEAR,DRY,39.6188829,-86.0689012,COMPLAINT OF PAIN,Other
904703102,HAMILTON,WESTFIELD,4/16/25,2025,Pedestrian,E 186TH ST,OTHER (DRIVER) - EXPLAIN IN NARRATIVE,OTHER - EXPLAIN IN NARRATIVE,NON-INCAPACITATING,DAYLIGHT,CLEAR,DRY,40.05816,-86.15266,COMPLAINT OF PAIN,Other
904703925,HAMILTON,CARMEL,4/15/25,2025,Pedalcyclist,N PENNSYLVANIA ST & CONGRESSIONAL BLVD,FAILURE TO YIELD RIGHT OF WAY,RIGHT ANGLE,POSSIBLE,DAYLIGHT,CLOUDY,DRY,39.9593339,-86.155195,ABRASION,Other
904706486,HAMILTON,FISHERS,4/22/25,2025,Pedalcyclist,OLIO ROAD & AVALON BOULEVARD,FAILURE TO YIELD RIGHT OF WAY,OTHER - EXPLAIN IN NARRATIVE,NON-INCAPACITATING,DAYLIGHT,CLEAR,DRY,39.974431,-85.918725,ABRASION,Other
904707178,HAMILTON,NOBLESVILLE,4/23/25,2025,Pedalcyclist,STATE ROAD 32 & 19TH STREET,IMPROPER TURNING,LEFT/RIGHT TURN,POSSIBLE,DAYLIGHT,CLEAR,DRY,40.045668,-86.000302,ABRASION,Other
904707465,HAMILTON,CARMEL,4/23/25,2025,Pedalcyclist,N MERIDIAN ST.,FAILURE TO YIELD RIGHT OF WAY,RIGHT ANGLE,NON-INCAPACITATING,DAYLIGHT,CLEAR,DRY,39.955046,-86.162331,FRACTURE/DISLOCATION,SSI
904707641,JOHNSON,FRANKLIN,4/23/25,2025,Pedalcyclist,N MORTON ST,UNSAFE BACKING,BACKING CRASH,NON-INCAPACITATING,DAYLIGHT,CLEAR,DRY,39.503291,-86.0682,COMPLAINT OF PAIN,Other
904711231,JOHNSON,FRANKLIN,4/30/25,2025,Pedestrian,N MORTON ST,OTHER (ENVIRONMENTAL) - EXPLAIN IN NARR,OTHER - EXPLAIN IN NARRATIVE,NON-INCAPACITATING,DAYLIGHT,CLEAR,DRY,39.4922777,-86.0636502,CONTUSION/BRUISE,Other
904711285,HANCOCK,,4/29/25,2025,Pedestrian,US 40 & CR 1050 E,UNSAFE BACKING,BACKING CRASH,INCAPACITATING,DAYLIGHT,CLEAR,DRY,39.791961,-85.609928,COMPLAINT OF PAIN,Other
904711662,JOHNSON,GREENWOOD,4/30/25,2025,Pedalcyclist,SMITH VALLEY RD & AVERITT RD,FOLLOWING TOO CLOSELY,REAR END,NON-INCAPACITATING,DARK (LIGHTED),CLEAR,DRY,39.6061448,-86.1205627,COMPLAINT OF PAIN,Other
904713841,HAMILTON,WESTFIELD,4/30/25,2025,Pedestrian,SHAMROCK BLVD & CREEKWOOD DR,PEDESTRIAN ACTION,OTHER - EXPLAIN IN NARRATIVE,INCAPACITATING,DAYLIGHT,CLEAR,DRY,40.045639,-86.132688,INTERNAL,SSI
904711786,HAMILTON,NOBLESVILLE,5/1/25,2025,Pedalcyclist,STATE ROAD 37 & TOWN AND COUNTRY BLVD.,FAILURE TO YIELD RIGHT OF WAY,RIGHT TURN,POSSIBLE,DAYLIGHT,CLEAR,DRY,40.03244955,-85.9955489,COMPLAINT OF PAIN,Other
904711789,HAMILTON,NOBLESVILLE,5/1/25,2025,Pedestrian,"SR 37 S & TOWN AND COUNTRY BLVD, NOBLESV",PEDESTRIAN ACTION,RIGHT TURN,NON-INCAPACITATING,DAYLIGHT,CLOUDY,DRY,40.03242453,-85.9953927,FRACTURE/DISLOCATION,SSI
904712180,HAMILTON,CARMEL,5/1/25,2025,Pedalcyclist,E MAIN STREET & BRYN MAWR LANE,FAILURE TO YIELD RIGHT OF WAY,OTHER - EXPLAIN IN NARRATIVE,NON-INCAPACITATING,DAYLIGHT,RAIN,WET,39.97836686,-86.12424316,ABRASION,Other
904712267,HAMILTON,CARMEL,5/1/25,2025,Pedalcyclist,GRAY RD & E 116TH ST,OTHER (DRIVER) - EXPLAIN IN NARRATIVE,RIGHT ANGLE,INCAPACITATING,DAYLIGHT,CLEAR,DRY,39.95835094,-86.08937959,INTERNAL,SSI
904712810,HANCOCK,,5/2/25,2025,Pedalcyclist,,FAILURE TO YIELD RIGHT OF WAY,LEFT TURN,INCAPACITATING,DAYLIGHT,CLOUDY,DRY,39.93703989,-85.81513176,FRACTURE/DISLOCATION,SSI
904714892,HENDRICKS,BROWNSBURG,5/1/25,2025,Pedalcyclist,S ODELL ST & E COLLEGE AVE,PEDESTRIAN ACTION,LEFT TURN,NON-INCAPACITATING,DAYLIGHT,CLEAR,DRY,39.839303459999996,-86.38803283,ABRASION,Other
904715987,HAMILTON,CARMEL,5/6/25,2025,Pedalcyclist,E. 126TH STREET,OTHER (DRIVER) - EXPLAIN IN NARRATIVE,RIGHT ANGLE,POSSIBLE,DARK (LIGHTED),CLEAR,DRY,39.9712978,-86.105605,MINOR BLEEDING,Other
904716020,HAMILTON,CARMEL,5/6/25,2025,Pedestrian,E CARMEL DR. ,UNSAFE BACKING,BACKING CRASH,POSSIBLE,DAYLIGHT,CLEAR,DRY,39.9616226,-86.1152156,COMPLAINT OF PAIN,Other
904716984,HAMILTON,FISHERS,5/9/25,2025,Pedalcyclist,E. 116TTH ST. & EXIT FIVE PKWY,PEDESTRIAN ACTION,LEFT TURN,REFUSED,DARK (NOT LIGHTED),CLEAR,DRY,39.95705265,-86.00250291,MINOR BLEEDING,Other
904717519,HAMILTON,NOBLESVILLE,5/11/25,2025,Pedestrian,HARRELL PKY & TOWN CENTER BLVD,FAILURE TO YIELD RIGHT OF WAY,OTHER - EXPLAIN IN NARRATIVE,INCAPACITATING,DAYLIGHT,CLEAR,DRY,39.9925725,-85.9315516,COMPLAINT OF PAIN,Other
904719922,JOHNSON,GREENWOOD,5/10/25,2025,Pedestrian,WORTHSVILLE RD & US 31,FAILURE TO YIELD RIGHT OF WAY,OTHER - EXPLAIN IN NARRATIVE,POSSIBLE,DARK (LIGHTED),CLEAR,DRY,39.58659753,-86.10113551,COMPLAINT OF PAIN,Other
904721382,HAMILTON,NOBLESVILLE,5/15/25,2025,Pedestrian,BERGEN BLVD,UNSAFE BACKING,OTHER - EXPLAIN IN NARRATIVE,REFUSED,DAYLIGHT,CLEAR,DRY,39.994075,-85.92770314,MINOR BLEEDING,Other
904722121,HAMILTON,FISHERS,5/16/25,2025,Pedalcyclist,TROPHY DR & TITO CT,VIEW OBSTRUCTED,BACKING CRASH,INCAPACITATING,DAYLIGHT,CLEAR,DRY,39.9694244,-86.0102403,NONE VISIBLE,Other
904722363,HAMILTON,NOBLESVILLE,5/16/25,2025,Pedalcyclist,EAST/WEST ALLEY  BETWEEN 11TH  & NORTH/SOUTH ALLEY BETWEEN CHES,OBSTRUCTION NOT MARKED,RIGHT ANGLE,REFUSED,DAYLIGHT,CLOUDY,DRY,40.0368649,-86.0095705,COMPLAINT OF PAIN,Other
904726853,HAMILTON,WESTFIELD,5/23/25,2025,Pedestrian,E SPRING MILL POINTE DR,UNSAFE SPEED,SAME DIRECTION SIDESWIPE,NON-INCAPACITATING,DARK (LIGHTED),CLEAR,DRY,40.04191563,-86.15672581,CRUSH INJURY,SSI
904726984,BOONE,ZIONSVILLE,5/24/25,2025,Pedalcyclist,106TH STREET & DEANDRA DR,FAILURE TO YIELD RIGHT OF WAY,RIGHT ANGLE,NON-INCAPACITATING,DAYLIGHT,CLEAR,DRY,39.9406268,-86.2419993,FRACTURE/DISLOCATION,SSI
904727333,JOHNSON,FRANKLIN,5/25/25,2025,Pedestrian,FRANKLIN PLACE CT.,OTHER (DRIVER) - EXPLAIN IN NARRATIVE,OTHER - EXPLAIN IN NARRATIVE,UNKNOWN,DAYLIGHT,CLOUDY,DRY,39.49507322,-86.07011353,ABRASION,Other
904728841,HANCOCK,GREENFIELD,5/27/25,2025,Pedestrian,STATE RD 9,FAILURE TO YIELD RIGHT OF WAY,LEFT TURN,POSSIBLE,DAYLIGHT,CLOUDY,DRY,39.81334571,-85.76737633,COMPLAINT OF PAIN,Other
904730197,HENDRICKS,BROWNSBURG,5/28/25,2025,Pedalcyclist,BENT STREAM LN & BENT STREAM LN,PEDESTRIAN ACTION,RIGHT ANGLE,NON-INCAPACITATING,DAYLIGHT,CLEAR,DRY,39.83129662,-86.3708801,ABRASION,Other
904730438,HAMILTON,FISHERS,5/29/25,2025,Pedalcyclist,GABLES DR & 116TH ST. ,IMPROPER TURNING,LEFT/RIGHT TURN,POSSIBLE,DAYLIGHT,CLOUDY,DRY,39.95664667,-86.0442861,ABRASION,Other
904731863,BOONE,ZIONSVILLE,5/30/25,2025,Pedalcyclist,CEDAR ST. & 2ND ST.,FAILURE TO YIELD RIGHT OF WAY,RIGHT ANGLE,NON-INCAPACITATING,DAYLIGHT,CLOUDY,DRY,39.95135905,-86.26298516,MINOR BLEEDING,Other
904733559,JOHNSON,GREENWOOD,5/30/25,2025,Pedestrian,WORTHSVILLE RD & US 31,PEDESTRIAN ACTION,LEFT TURN,NON-INCAPACITATING,DARK (NOT LIGHTED),RAIN,WET,39.5866252,-86.10187434,COMPLAINT OF PAIN,Other
904733678,HAMILTON,CARMEL,5/31/25,2025,Pedestrian,E. 96TH STREET,IMPROPER TURNING,OTHER - EXPLAIN IN NARRATIVE,NON-INCAPACITATING,DAYLIGHT,CLEAR,DRY,39.92743861,-86.13546554,NONE VISIBLE,Other
904738959,HENDRICKS,BROWNSBURG,5/22/25,2025,Pedalcyclist,EAST NORTHFIELD DR,OTHER (DRIVER) - EXPLAIN IN NARRATIVE,OTHER - EXPLAIN IN NARRATIVE,NOT REPORTED,DAYLIGHT,CLEAR,DRY,39.85662046,-86.38534244,NONE VISIBLE,Other
904740072,HAMILTON,CARMEL,5/29/25,2025,Pedalcyclist,N PENNSYLVANIA ST & OLD MERIDIAN ST ,UNSAFE LANE MOVEMENT,SAME DIRECTION SIDESWIPE,UNKNOWN,DAYLIGHT,CLEAR,DRY,39.96810715,-86.15503708,COMPLAINT OF PAIN,Other
904734018,JOHNSON,FRANKLIN,6/3/25,2025,Pedalcyclist,YOUNCE ST,PEDESTRIAN ACTION,LEFT TURN,POSSIBLE,DAYLIGHT,CLEAR,DRY,39.50282214,-86.06040036,FRACTURE/DISLOCATION,SSI
904734973,HAMILTON,FISHERS,6/4/25,2025,Pedalcyclist,E 116TH ST & LAKERIDGE DR,FAILURE TO YIELD RIGHT OF WAY,RIGHT ANGLE,NON-INCAPACITATING,DAYLIGHT,CLEAR,DRY,39.957693,-85.92083077,COMPLAINT OF PAIN,Other
904737072,JOHNSON,FRANKLIN,6/6/25,2025,Pedestrian,EAST KING ST,UNSAFE BACKING,BACKING CRASH,POSSIBLE,DAYLIGHT,CLOUDY,DRY,39.4824334,-86.0176693,COMPLAINT OF PAIN,Other
904738004,HAMILTON,CARMEL,6/8/25,2025,Pedalcyclist,E 126TH ST & GRAY RD,OTHER (DRIVER) - EXPLAIN IN NARRATIVE,RIGHT ANGLE,INCAPACITATING,DAYLIGHT,CLEAR,DRY,39.97129253,-86.08975778,COMPLAINT OF PAIN,Other
904739551,HAMILTON,FISHERS,6/9/25,2025,Pedalcyclist,LOCKERBIE LN & 126TH ST,OTHER (DRIVER) - EXPLAIN IN NARRATIVE,RIGHT ANGLE,NON-INCAPACITATING,DAYLIGHT,CLEAR,DRY,39.97181676,-85.99188597,CONTUSION/BRUISE,Other
904740049,HAMILTON,CARMEL,6/11/25,2025,Pedalcyclist,BRIAR DR & LAKESHORE DR E,FAILURE TO YIELD RIGHT OF WAY,RIGHT ANGLE,NON-INCAPACITATING,DAYLIGHT,CLEAR,DRY,39.94048322,-86.10530177,ABRASION,Other
904740309,HENDRICKS,AVON,6/11/25,2025,Pedalcyclist,ROCKVILLE RD & RONALD REAGAN PKWY,PEDESTRIAN ACTION,OTHER - EXPLAIN IN NARRATIVE,NOT REPORTED,DAYLIGHT,CLEAR,DRY,39.76379228,-86.33685779,NONE VISIBLE,Other
904742556,HAMILTON,CARMEL,6/10/25,2025,Pedalcyclist,CAREY RD & HAWTHORNE DR W,FOLLOWING TOO CLOSELY,REAR END,REFUSED,DAYLIGHT,CLEAR,DRY,39.99231645,-86.10848968,COMPLAINT OF PAIN,Other
904742677,HANCOCK,GREENFIELD,6/16/25,2025,Pedestrian,745 N SWOPE ST,UNSAFE BACKING,BACKING CRASH,NON-INCAPACITATING,DAYLIGHT,CLEAR,DRY,39.79297483,-85.76462097,CONTUSION/BRUISE,Other
904742791,HAMILTON,,6/16/25,2025,Pedalcyclist,276 ST & 281 ST,FAILURE TO YIELD RIGHT OF WAY,RIGHT TURN,NON-INCAPACITATING,DAYLIGHT,CLOUDY,DRY,40.19021504,-86.05382274,UNCONSCIOUSNESS,SSI
904742874,HENDRICKS,,6/14/25,2025,Pedalcyclist,CR 950 E & WOODLAND CT,FAILURE TO YIELD RIGHT OF WAY,RIGHT ANGLE,INCAPACITATING,DAYLIGHT,CLOUDY,DRY,39.81139823,-86.35554258,ABRASION,Other
904746517,HENDRICKS,,6/15/25,2025,Pedalcyclist, & EAGLE CROSSING BLVD ,PEDESTRIAN ACTION,RIGHT ANGLE,INCAPACITATING,DAYLIGHT,CLEAR,DRY,39.85172947,-86.34195784,UNCONSCIOUSNESS,SSI
904748642,JOHNSON,,6/25/25,2025,Pedestrian,BRAXTON ST ; DOLLAR GENERAL MA,DRIVER DISTRACTED - EXPLAIN IN NARRATIVE,LEFT TURN,NON-INCAPACITATING,DAYLIGHT,CLEAR,DRY,39.42091283,-86.15759883,UNCONSCIOUSNESS,SSI
904749517,HAMILTON,NOBLESVILLE,6/26/25,2025,Pedalcyclist,LITTLE CHICAGO RD & PRIVATE DRIVE,FAILURE TO YIELD RIGHT OF WAY,RIGHT TURN,NON-INCAPACITATING,DAYLIGHT,CLEAR,DRY,40.0443624,-86.0707425,COMPLAINT OF PAIN,Other
904749967,HAMILTON,NOBLESVILLE,6/26/25,2025,Pedalcyclist,146 ST & CHERRY TREE RD,DISREGARD SIGNAL/REG SIGN,RIGHT ANGLE,INCAPACITATING,DAYLIGHT,CLEAR,DRY,40.00040928,-86.05814837,FRACTURE/DISLOCATION,SSI
904750254,HAMILTON,FISHERS,6/27/25,2025,Pedestrian,COMMERCIAL DR & E 116TH ST,FAILURE TO YIELD RIGHT OF WAY,OTHER - EXPLAIN IN NARRATIVE,NON-INCAPACITATING,DARK (NOT LIGHTED),CLEAR,DRY,39.9569417,-86.01117299,ABRASION,Other
904750830,HAMILTON,,6/29/25,2025,Pedalcyclist,SR 213 & COUDEN AVE,IMPROPER PASSING,SAME DIRECTION SIDESWIPE,POSSIBLE,DAYLIGHT,CLOUDY,DRY,40.13482791,-85.93939005,COMPLAINT OF PAIN,Other
904752606,HAMILTON,CARMEL,6/30/25,2025,Pedestrian,E 146TH ST,UNSAFE BACKING,BACKING CRASH,POSSIBLE,DAYLIGHT,CLEAR,DRY,39.99936371,-86.04323187,NONE VISIBLE,Other
904753492,JOHNSON,NEW WHITELAND,6/27/25,2025,Pedalcyclist,TRACY RD & US 31,VIEW OBSTRUCTED,LEFT TURN,INCAPACITATING,DAYLIGHT,CLEAR,DRY,39.56456787,-86.09193489,CONTUSION/BRUISE,Other