Master_Record_Number,County,City,Date,Year,Crash_Type,Cross_Street,Primary_Factor,Manner_of_Collision,Injury_Status,Light_Conditions,Weather_Conditions,Surface_Conditions,Latitude,Longitude,Nature_of_Injury,Fatal_SSI
904769598,SHELBY,,7/29/25,2025,Pedestrian,S HARRISON ST & E BROADWAY ST,FAILURE TO YIELD RIGHT OF WAY,LEFT/RIGHT TURN,NON-INCAPACITATING,DARK (LIGHTED),CLEAR,DRY,39.52295855,-85.77701896,CONTUSION/BRUISE,Other
904769641,MARION,INDIANAPOLIS,7/21/25,2025,Pedalcyclist,E 25HT ST  & MONON TRAIL,FAILURE TO YIELD RIGHT OF WAY,RIGHT ANGLE,NON-INCAPACITATING,DAYLIGHT,CLOUDY,DRY,39.80322401,-86.13931336,COMPLAINT OF PAIN,Other
904769664,MARION,INDIANAPOLIS,7/26/25,2025,Pedestrian,E 38TH ST,FAILURE TO YIELD RIGHT OF WAY,OTHER - EXPLAIN IN NARRATIVE,POSSIBLE,DAYLIGHT,CLEAR,DRY,39.8263987,-85.9923988,COMPLAINT OF PAIN,Other
904769987,MARION,INDIANAPOLIS,7/29/25,2025,Pedestrian,ROOSES WAY,DRIVER DISTRACTED - EXPLAIN IN NARRATIVE,SAME DIRECTION SIDESWIPE,NON-INCAPACITATING,DAYLIGHT,CLEAR,DRY,39.66020711,-86.1909813,COMPLAINT OF PAIN,Other
904770250,MARION,INDIANAPOLIS,7/28/25,2025,Pedalcyclist,NEW BETHEL BLVD & HEMINGWAY DR,OTHER (VEHICLE) - EXPLAIN IN NARRATIVE,RIGHT ANGLE,NON-INCAPACITATING,DARK (NOT LIGHTED),CLEAR,DRY,39.69212191,-86.01132945,COMPLAINT OF PAIN,Other
904771141,MARION,INDIANAPOLIS,7/30/25,2025,Pedestrian,W 38TH ST & BOULEVARD PL,PEDESTRIAN ACTION,RIGHT ANGLE,FATAL,DARK (NOT LIGHTED),CLEAR,DRY,39.82491376,-86.1636444,CRUSH INJURY,Fatal
904771733,MARION,INDIANAPOLIS,7/31/25,2025,Pedestrian,E 16TH ST & MONON TR,FAILURE TO YIELD RIGHT OF WAY,RIGHT ANGLE,POSSIBLE,DAYLIGHT,CLOUDY,WET,39.78851171,-86.14011252,COMPLAINT OF PAIN,Other
904772926,MARION,INDIANAPOLIS,7/29/25,2025,Pedestrian,E MARYLAND ST & S MERIDIAN ST,PEDESTRIAN ACTION,RIGHT ANGLE,INCAPACITATING,DARK (LIGHTED),CLEAR,DRY,39.76565848,-86.15808955,INTERNAL,SSI
904772945,MARION,INDIANAPOLIS,7/30/25,2025,Pedalcyclist,PARK & E NEW YORK ST,FAILURE TO YIELD RIGHT OF WAY,RIGHT ANGLE,POSSIBLE,DAYLIGHT,CLEAR,DRY,39.7710435,-86.14716759,COMPLAINT OF PAIN,Other
904775140,SHELBY,,7/20/25,2025,Pedestrian,SR 9  NB & 29.3 MM,OTHER (ENVIRONMENTAL) - EXPLAIN IN NARR,OTHER - EXPLAIN IN NARRATIVE,NOT REPORTED,DAWN/DUSK,CLEAR,DRY,39.53805336,-85.77570684,NONE VISIBLE,Other
904785230,SHELBY,,7/30/25,2025,Pedestrian,I-74 WB,PEDESTRIAN ACTION,OTHER - EXPLAIN IN NARRATIVE,FATAL,DARK (NOT LIGHTED),CLEAR,WET,39.61873996,-85.87066144,UNCONSCIOUSNESS,Fatal
904773438,MARION,INDIANAPOLIS,8/4/25,2025,Pedalcyclist,52ND ST. & MONON TRAIL,DISREGARD SIGNAL/REG SIGN,RIGHT ANGLE,POSSIBLE,DAYLIGHT,CLOUDY,DRY,39.84703439,-86.14049851,COMPLAINT OF PAIN,Other
904774466,MARION,INDIANAPOLIS,8/5/25,2025,Pedalcyclist,N LUETT AVE & W MICHIGAN ST,OTHER (DRIVER) - EXPLAIN IN NARRATIVE,OTHER - EXPLAIN IN NARRATIVE,NON-INCAPACITATING,DAYLIGHT,CLEAR,DRY,39.77391451,-86.2241613,ABRASION,Other
904775220,MARION,INDIANAPOLIS,8/6/25,2025,Pedalcyclist,W MICHIGAN ST & N ILLINOIS ST,FAILURE TO YIELD RIGHT OF WAY,SAME DIRECTION SIDESWIPE,NOT REPORTED,DAYLIGHT,CLEAR,DRY,39.77414402,-86.15960231,NONE VISIBLE,Other
904777243,MARION,INDIANAPOLIS,8/7/25,2025,Pedalcyclist,MICHIGAN STREET & ILLINOIS STREET ,DISREGARD SIGNAL/REG SIGN,LEFT TURN,REFUSED,DAYLIGHT,CLEAR,DRY,39.77420781,-86.15968656,ABRASION,Other
904777320,MARION,INDIANAPOLIS,8/6/25,2025,Pedalcyclist,N TIBBS AVE & W 18TH ST,FOLLOWING TOO CLOSELY,REAR END,FATAL,DARK (LIGHTED),CLEAR,DRY,39.79004343,-86.21583405,INTERNAL,Fatal
904777585,MARION,INDIANAPOLIS,8/7/25,2025,Pedalcyclist,DIETZ ST & E TROY AVE,DRIVER DISTRACTED - EXPLAIN IN NARRATIVE,OTHER - EXPLAIN IN NARRATIVE,NOT REPORTED,DAYLIGHT,CLEAR,DRY,39.72306102,-86.12832202,NONE VISIBLE,Other
904777788,MARION,INDIANAPOLIS,8/9/25,2025,Pedalcyclist,BRIDGEPORT ROAD & JACKSON STREET,OTHER (DRIVER) - EXPLAIN IN NARRATIVE,REAR END,NON-INCAPACITATING,DARK (NOT LIGHTED),CLEAR,DRY,39.7612752,-86.31733914,COMPLAINT OF PAIN,Other
904779709,MARION,INDIANAPOLIS,8/13/25,2025,Pedalcyclist,SHELBY ST.,FAILURE TO YIELD RIGHT OF WAY,RIGHT ANGLE,NON-INCAPACITATING,DAYLIGHT,CLEAR,DRY,39.73908183,-86.13965204,COMPLAINT OF PAIN,Other
904781791,MARION,INDIANAPOLIS,8/15/25,2025,Pedalcyclist,E. 21ST STREET & N. SHADELAND AVENUE,DISREGARD SIGNAL/REG SIGN,RIGHT ANGLE,INCAPACITATING,DAYLIGHT,CLOUDY,DRY,39.79650066,-86.04537835,COMPLAINT OF PAIN,Other
904782194,MARION,INDIANAPOLIS,8/17/25,2025,Pedalcyclist,30TH ST. & MONON TR.,FAILURE TO YIELD RIGHT OF WAY,RIGHT ANGLE,POSSIBLE,DAYLIGHT,RAIN,WET,39.81069301,-86.13739553,COMPLAINT OF PAIN,Other
904782254,MARION,INDIANAPOLIS,8/17/25,2025,Pedalcyclist,GUILFORD AVE & E 64TH ST,FAILURE TO YIELD RIGHT OF WAY,RIGHT ANGLE,INCAPACITATING,DAYLIGHT,CLEAR,DRY,39.87149703,-86.14290821,ABRASION,Other
904786236,MARION,INDIANAPOLIS,8/22/25,2025,Pedalcyclist,S SHERMAN DR & ALODA ST,FAILURE TO YIELD RIGHT OF WAY,SAME DIRECTION SIDESWIPE,FATAL,DAYLIGHT,CLEAR,DRY,39.74809789,-86.10198239,FRACTURE/DISLOCATION,Fatal
904786380,MARION,INDIANAPOLIS,8/23/25,2025,Pedalcyclist,HIGH SCHOOL RD & ROCKVILLE RD,FAILURE TO YIELD RIGHT OF WAY,LEFT TURN,NOT REPORTED,DARK (LIGHTED),CLEAR,DRY,39.7646549,-86.26984565,NONE VISIBLE,Other
904787383,MARION,INDIANAPOLIS,8/25/25,2025,Pedalcyclist,W MICHIGAN ST & BLAKE ST,FAILURE TO YIELD RIGHT OF WAY,LEFT TURN,NON-INCAPACITATING,DAYLIGHT,CLEAR,DRY,39.77443119,-86.17324511,MINOR BLEEDING,Other
904788455,MARION,INDIANAPOLIS,8/27/25,2025,Pedalcyclist,MINNESOTA ST & SLOAN AVE,IMPROPER TURNING,SAME DIRECTION SIDESWIPE,NON-INCAPACITATING,DAYLIGHT,CLEAR,DRY,39.7455628,-86.0875852,ABRASION,Other
904790795,MARION,INDIANAPOLIS,8/30/25,2025,Pedalcyclist,EAST 20TH ST & MONON TRLAIL,FAILURE TO YIELD RIGHT OF WAY,RIGHT ANGLE,NON-INCAPACITATING,DAYLIGHT,CLEAR,DRY,39.79403063,-86.14011226,COMPLAINT OF PAIN,Other
904790939,MARION,INDIANAPOLIS,8/25/25,2025,Pedalcyclist,WESTLANE RD & WARRIOR TRAIL,FAILURE TO YIELD RIGHT OF WAY,RIGHT ANGLE,NON-INCAPACITATING,DAYLIGHT,CLOUDY,WET,39.88561439,-86.19460648,COMPLAINT OF PAIN,Other
904772425,MARION,INDIANAPOLIS,8/1/25,2025,Pedestrian,E. 34TH STREET & HOVEY,DISREGARD SIGNAL/REG SIGN,RIGHT ANGLE,INCAPACITATING,DAWN/DUSK,CLEAR,DRY,39.81803201,-86.13259998,INTERNAL,SSI
904775206,MARION,INDIANAPOLIS,8/6/25,2025,Pedestrian,E 52ND STREET & N TACOMA AVE,OTHER (ENVIRONMENTAL) - EXPLAIN IN NARR,OTHER - EXPLAIN IN NARRATIVE,POSSIBLE,DAYLIGHT,CLEAR,DRY,39.84776472,-86.12052505,COMPLAINT OF PAIN,Other
904777879,MARION,INDIANAPOLIS,8/9/25,2025,Pedalcyclist,EAST STOP 11 ROAD & MCFARLAND ROAD,OTHER (DRIVER) - EXPLAIN IN NARRATIVE,RIGHT TURN,NON-INCAPACITATING,DAYLIGHT,CLEAR,DRY,39.6502802,-86.11184257,ABRASION,Other
904777909,MARION,INDIANAPOLIS,8/9/25,2025,Pedestrian,N. ARLINGTON AVE  & N. RADNOR RD,PEDESTRIAN ACTION,OTHER - EXPLAIN IN NARRATIVE,NON-INCAPACITATING,DARK (LIGHTED),CLEAR,DRY,39.84482558,-86.06502234,COMPLAINT OF PAIN,Other
904778309,MARION,INDIANAPOLIS,8/11/25,2025,Pedestrian,N KEYSTONE AVE,FAILURE TO YIELD RIGHT OF WAY,OTHER - EXPLAIN IN NARRATIVE,NON-INCAPACITATING,DAYLIGHT,CLEAR,DRY,39.8878238,-86.1198115,MINOR BLEEDING,Other
904778658,MARION,INDIANAPOLIS,8/1/25,2025,Pedestrian,E 42ND ST,PEDESTRIAN ACTION,SAME DIRECTION SIDESWIPE,NON-INCAPACITATING,DAYLIGHT,CLEAR,DRY,39.83107354,-86.13793832,COMPLAINT OF PAIN,Other
904779108,MARION,INDIANAPOLIS,8/10/25,2025,Pedestrian,NORTH TREMONT ST ,FAILURE TO MAINTAIN LANE,RAN OFF ROAD,NON-INCAPACITATING,DARK (LIGHTED),CLEAR,DRY,39.78508962,-86.20086734,ABRASION,Other
904779617,MARION,INDIANAPOLIS,8/8/25,2025,Pedestrian,W TROY AVE & SOUTHWEST DR,PEDESTRIAN ACTION,NON-COLLISION,INCAPACITATING,DARK (LIGHTED),CLEAR,DRY,39.72050936,-86.24455033,CRUSH INJURY,SSI
904779708,MARION,INDIANAPOLIS,8/13/25,2025,Pedestrian,N ARLINGTON AVE & E 23RD ST,PEDESTRIAN ACTION,OTHER - EXPLAIN IN NARRATIVE,INCAPACITATING,DARK (LIGHTED),CLEAR,DRY,39.80004275,-86.06455304,UNCONSCIOUSNESS,SSI
904782145,MARION,INDIANAPOLIS,8/16/25,2025,Pedestrian,S WORTH AVE & W WASHINGTON ST,PEDESTRIAN ACTION,OTHER - EXPLAIN IN NARRATIVE,NOT REPORTED,DAYLIGHT,CLEAR,DRY,39.751395,-86.25487702,NONE VISIBLE,Other
904782657,MARION,INDIANAPOLIS,8/11/25,2025,Pedestrian,W 38TH ST,UNSAFE BACKING,BACKING CRASH,INCAPACITATING,DAYLIGHT,CLEAR,DRY,39.82320112,-86.25996998,COMPLAINT OF PAIN,Other
904782678,MARION,INDIANAPOLIS,8/18/25,2025,Pedestrian,W 10TH ST & TOMAHAWK TRAIL,OTHER (DRIVER) - EXPLAIN IN NARRATIVE,OTHER - EXPLAIN IN NARRATIVE,NON-INCAPACITATING,DAYLIGHT,RAIN,WET,39.7790301,-86.3004588,FRACTURE/DISLOCATION,SSI
904783343,MARION,INDIANAPOLIS,8/18/25,2025,Pedestrian,E 42ND ST & N COLLEGE AVE,FAILURE TO YIELD RIGHT OF WAY,LEFT TURN,NON-INCAPACITATING,DAYLIGHT,CLEAR,DRY,39.83231983,-86.14526568,COMPLAINT OF PAIN,Other
904784314,MARION,INDIANAPOLIS,8/3/25,2025,Pedestrian,I-465 & I-465,PEDESTRIAN ACTION,OTHER - EXPLAIN IN NARRATIVE,FATAL,DARK (NOT LIGHTED),CLEAR,DRY,39.83454733,-86.27578786,CRUSH INJURY,Fatal
904784664,MARION,INDIANAPOLIS,8/20/25,2025,Pedestrian,EAST OHIO STREET,PEDESTRIAN ACTION,NON-COLLISION,INCAPACITATING,DAYLIGHT,CLOUDY,DRY,39.7695599,-86.1491562,COMPLAINT OF PAIN,Other
904784820,MARION,INDIANAPOLIS,8/21/25,2025,Pedestrian,E NEW YORK ST & N COLORADO AVE,PEDESTRIAN ACTION,OTHER - EXPLAIN IN NARRATIVE,INCAPACITATING,DAYLIGHT,CLEAR,DRY,39.7721302,-86.0949909,COMPLAINT OF PAIN,Other
904784905,MARION,INDIANAPOLIS,8/22/25,2025,Pedestrian, ENGLISH AVE & E PLEASANT RUN PKWY N DR,FAILURE TO YIELD RIGHT OF WAY,RIGHT TURN,NON-INCAPACITATING,DARK (NOT LIGHTED),CLEAR,DRY,39.7597775,-86.111733,ABRASION,Other
904785670,MARION,INDIANAPOLIS,8/19/25,2025,Pedestrian,MERIDIAN ST & E 38TH ST,PEDESTRIAN ACTION,OTHER - EXPLAIN IN NARRATIVE,INCAPACITATING,DARK (LIGHTED),CLEAR,DRY,39.8244054,-86.1567878,COMPLAINT OF PAIN,Other
904786526,MARION,INDIANAPOLIS,8/24/25,2025,Pedestrian,SOUTHPORT CROSSINGS DRIVE,FAILURE TO YIELD RIGHT OF WAY,OTHER - EXPLAIN IN NARRATIVE,NON-INCAPACITATING,DARK (LIGHTED),CLEAR,DRY,39.66526579,-86.09194658,CONTUSION/BRUISE,Other
904788523,MARION,INDIANAPOLIS,8/27/25,2025,Pedestrian,E 38TH ST  & N ARLINGTON AVE,FAILURE TO YIELD RIGHT OF WAY,OTHER - EXPLAIN IN NARRATIVE,NON-INCAPACITATING,DARK (LIGHTED),CLEAR,DRY,39.8254494,-86.06485366,COMPLAINT OF PAIN,Other
904790841,MARION,INDIANAPOLIS,8/30/25,2025,Pedestrian,E 96TH ST ,FAILURE TO YIELD RIGHT OF WAY,OTHER - EXPLAIN IN NARRATIVE,POSSIBLE,DAYLIGHT,CLEAR,DRY,39.9270282,-86.1078734,COMPLAINT OF PAIN,Other
904804752,MARION,INDIANAPOLIS,8/31/25,2025,Pedestrian,US 31 S & COUNTY LINE RD,PEDESTRIAN ACTION,OTHER - EXPLAIN IN NARRATIVE,FATAL,DARK (LIGHTED),CLEAR,DRY,39.63558273,-86.12696445,FRACTURE/DISLOCATION,Fatal
904792610,MARION,INDIANAPOLIS,9/4/25,2025,Pedalcyclist,46TH STREET & MONON TRAIL,DISREGARD SIGNAL/REG SIGN,OTHER - EXPLAIN IN NARRATIVE,POSSIBLE,DAYLIGHT,CLEAR,DRY,39.839706,-86.140407,COMPLAINT OF PAIN,Other
904793369,MARION,INDIANAPOLIS,9/3/25,2025,Pedalcyclist,16TH ST & MONON TRL,FAILURE TO YIELD RIGHT OF WAY,RIGHT ANGLE,INCAPACITATING,DAYLIGHT,CLEAR,DRY,39.7885026,-86.1400997,COMPLAINT OF PAIN,Other
904794264,MARION,INDIANAPOLIS,9/5/25,2025,Pedalcyclist,S OAKLAND AVE & ENGLISH AVE,FAILURE TO YIELD RIGHT OF WAY,RIGHT ANGLE,NON-INCAPACITATING,DAYLIGHT,CLEAR,DRY,39.760369,-86.112884,MINOR BLEEDING,Other
904794285,MARION,INDIANAPOLIS,9/5/25,2025,Pedalcyclist,E 49TH ST & BROADWAY ST,PEDESTRIAN ACTION,OTHER - EXPLAIN IN NARRATIVE,NON-INCAPACITATING,DAYLIGHT,CLEAR,DRY,39.842777,-86.14728,COMPLAINT OF PAIN,Other
904794778,MARION,INDIANAPOLIS,9/5/25,2025,Pedalcyclist,OLIVER AVENUE & ROCHESTER AVENUE,LEFT OF CENTER,NON-COLLISION,FATAL,DAWN/DUSK,CLEAR,DRY,39.757287,-86.220923,INTERNAL,Fatal
904795230,MARION,INDIANAPOLIS,9/8/25,2025,Pedalcyclist,E 46TH ST & KINGSLEY DR,FAILURE TO YIELD RIGHT OF WAY,RIGHT ANGLE,UNKNOWN,DAYLIGHT,CLEAR,DRY,39.840193,-86.129589,NONE VISIBLE,Other
904795548,MARION,INDIANAPOLIS,9/8/25,2025,Pedalcyclist,10TH ST & WATERWAY BLVD,FAILURE TO YIELD RIGHT OF WAY,COLLISION WITH OBJECT IN ROAD,INCAPACITATING,DAYLIGHT,CLEAR,DRY,39.7811561,-86.181365,FRACTURE/DISLOCATION,SSI
904797195,MARION,INDIANAPOLIS,9/11/25,2025,Pedalcyclist,SOUTHEASTERN AVE & SENOUR RD,FOLLOWING TOO CLOSELY,REAR END,NON-INCAPACITATING,DAYLIGHT,CLEAR,DRY,39.684724,-85.975458,CONTUSION/BRUISE,Other
904799790,MARION,INDIANAPOLIS,9/15/25,2025,Pedalcyclist,W 10TH ST & N VINEWOOD AVE,FOLLOWING TOO CLOSELY,REAR END,NON-INCAPACITATING,DARK (NOT LIGHTED),CLEAR,DRY,39.779751,-86.265863,ABRASION,Other
904800130,MARION,INDIANAPOLIS,9/15/25,2025,Pedalcyclist,NORTH RURAL STREET & KESSLER BOULEVARD EAST DRIVE,OTHER (DRIVER) - EXPLAIN IN NARRATIVE,OTHER - EXPLAIN IN NARRATIVE,NON-INCAPACITATING,DAYLIGHT,CLEAR,DRY,39.862352,-86.117483,MINOR BLEEDING,Other
904800861,MARION,INDIANAPOLIS,9/16/25,2025,Pedalcyclist,SOUTHPORT RD & EMERSON AVE,DISREGARD SIGNAL/REG SIGN,RIGHT TURN,NON-INCAPACITATING,DAYLIGHT,CLEAR,DRY,39.666002,-86.082399,COMPLAINT OF PAIN,Other
904800901,MARION,INDIANAPOLIS,9/16/25,2025,Pedalcyclist,W MOORESVILLE RD & PADDOCK RD,OTHER (ENVIRONMENTAL) - EXPLAIN IN NARR,SAME DIRECTION SIDESWIPE,NON-INCAPACITATING,DAWN/DUSK,CLEAR,DRY,39.647399,-86.2897861,COMPLAINT OF PAIN,Other
904800908,MARION,INDIANAPOLIS,9/16/25,2025,Pedalcyclist,N LUETT AVE & W NORTH ST,PEDESTRIAN ACTION,OTHER - EXPLAIN IN NARRATIVE,NON-INCAPACITATING,DAYLIGHT,CLEAR,DRY,39.775217,-86.224133,CRUSH INJURY,SSI
904800909,MARION,INDIANAPOLIS,9/16/25,2025,Pedalcyclist,KENTUCKY AVE & FOLTZ ST,PEDESTRIAN ACTION,OTHER - EXPLAIN IN NARRATIVE,NON-INCAPACITATING,DAYLIGHT,CLEAR,DRY,39.718271,-86.229941,ABRASION,Other
904802747,MARION,INDIANAPOLIS,9/18/25,2025,Pedalcyclist,11TH ST & 12TH ST,PEDESTRIAN ACTION,COLLISION WITH OBJECT IN ROAD,INCAPACITATING,DAYLIGHT,CLEAR,DRY,39.780548,-86.282889,FRACTURE/DISLOCATION,SSI
904803779,MARION,INDIANAPOLIS,9/20/25,2025,Pedalcyclist,N. TALBOTT ST. & E. MARKET ST.,FAILURE TO YIELD RIGHT OF WAY,RIGHT ANGLE,NON-INCAPACITATING,DAYLIGHT,CLOUDY,DRY,39.768434,-86.15532,COMPLAINT OF PAIN,Other
904804326,MARION,LAWRENCE,9/22/25,2025,Pedalcyclist,BAYCREEK DR & EYFORD LN,PEDESTRIAN ACTION,RIGHT ANGLE,NON-INCAPACITATING,DAYLIGHT,CLOUDY,WET,39.897647,-85.971202,MINOR BLEEDING,Other
904804549,MARION,INDIANAPOLIS,9/22/25,2025,Pedalcyclist,FIVE POINTS ROAD & STONEPOINT WAY,PEDESTRIAN ACTION,RAN OFF ROAD,NON-INCAPACITATING,DAWN/DUSK,CLOUDY,WET,39.669647,-86.044478,COMPLAINT OF PAIN,Other
904805475,MARION,INDIANAPOLIS,9/23/25,2025,Pedalcyclist,COLLEGE AVE & NORTH ST,FAILURE TO YIELD RIGHT OF WAY,OTHER - EXPLAIN IN NARRATIVE,NON-INCAPACITATING,DAYLIGHT,CLEAR,DRY,39.775134,-86.145327,COMPLAINT OF PAIN,Other
904806738,MARION,INDIANAPOLIS,9/25/25,2025,Pedalcyclist,BROKENHURST RD & FALL CREEK RD,FAILURE TO YIELD RIGHT OF WAY,LEFT TURN,NON-INCAPACITATING,DAYLIGHT,CLEAR,DRY,39.865973,-86.068251,ABRASION,Other
904807948,MARION,INDIANAPOLIS,9/15/25,2025,Pedalcyclist,ZIONSVILLE RD & ,FAILURE TO YIELD RIGHT OF WAY,RIGHT ANGLE,POSSIBLE,DAYLIGHT,CLEAR,DRY,39.8794374,-86.2597225,CONTUSION/BRUISE,Other
904807964,MARION,SPEEDWAY,9/17/25,2025,Pedalcyclist,N HIGH SCHOOL RD & W 30TH ST,PEDESTRIAN ACTION,OTHER - EXPLAIN IN NARRATIVE,FATAL,DARK (LIGHTED),CLEAR,DRY,39.809214,-86.270029,CRUSH INJURY,Fatal
904808046,MARION,INDIANAPOLIS,9/26/25,2025,Pedalcyclist,35TH & GRACELAND AVE ,FAILURE TO YIELD RIGHT OF WAY,LEFT/RIGHT TURN,UNKNOWN,DAYLIGHT,CLEAR,DRY,39.81937,-86.162724,MINOR BLEEDING,Other
904810621,MARION,INDIANAPOLIS,9/30/25,2025,Pedalcyclist,E 38TH STREET & N IRVINGTON AVE,OTHER (DRIVER) - EXPLAIN IN NARRATIVE,COLLISION WITH OBJECT IN ROAD,NON-INCAPACITATING,DAYLIGHT,CLEAR,DRY,39.8254232,-86.0768097,ABRASION,Other
904791569,MARION,INDIANAPOLIS,9/1/25,2025,Pedestrian,N MERIDIAN ST & W FALL CREEK PARKWAY N DR ,OTHER (ENVIRONMENTAL) - EXPLAIN IN NARR,LEFT TURN,UNKNOWN,DARK (LIGHTED),CLEAR,DRY,39.8028045,-86.1566243,COMPLAINT OF PAIN,Other
904791696,MARION,INDIANAPOLIS,9/3/25,2025,Pedestrian,S MERIDIAN ST & W BRUNSWICK AVE,PEDESTRIAN ACTION,OTHER - EXPLAIN IN NARRATIVE,NON-INCAPACITATING,DAYLIGHT,CLEAR,DRY,39.681867,-86.158445,COMPLAINT OF PAIN,Other
904793350,MARION,INDIANAPOLIS,9/4/25,2025,Pedestrian,E 34TH ST & N KEYSTONE AVE,UNSAFE SPEED,RIGHT ANGLE,INCAPACITATING,DAWN/DUSK,CLEAR,DRY,39.818108,-86.122318,MINOR BLEEDING,Other
904793629,MARION,INDIANAPOLIS,9/2/25,2025,Pedestrian,W. WASHINGTON STREET & N. MERIDIAN STREE,PEDESTRIAN ACTION,OTHER - EXPLAIN IN NARRATIVE,INCAPACITATING,DAWN/DUSK,CLEAR,DRY,39.767073,-86.158175,UNCONSCIOUSNESS,SSI
904794348,MARION,INDIANAPOLIS,9/6/25,2025,Pedestrian,E 38TH ST. & ENGLEWOOD DR. ,FAILURE TO YIELD RIGHT OF WAY,OTHER - EXPLAIN IN NARRATIVE,INCAPACITATING,DAYLIGHT,CLEAR,DRY,39.82588,-86.044546,MINOR BLEEDING,Other
904795150,MARION,INDIANAPOLIS,9/7/25,2025,Pedestrian,CONGRESS AVE & ,PEDESTRIAN ACTION,COLLISION WITH OBJECT IN ROAD,INCAPACITATING,DARK (LIGHTED),CLEAR,DRY,39.811947,-86.216741,COMPLAINT OF PAIN,Other
904797692,MARION,INDIANAPOLIS,9/11/25,2025,Pedalcyclist,91ST & MONON TR,FAILURE TO YIELD RIGHT OF WAY,OTHER - EXPLAIN IN NARRATIVE,NON-INCAPACITATING,DAYLIGHT,CLEAR,DRY,39.919665,-86.136355,CONTUSION/BRUISE,Other
904797785,MARION,INDIANAPOLIS,9/12/25,2025,Pedestrian,E 42NDST & N GERMAN CHURCH RD,PEDESTRIAN ACTION,NON-COLLISION,NON-INCAPACITATING,DARK (LIGHTED),CLEAR,DRY,39.833838,-85.971377,MINOR BLEEDING,Other
904799658,MARION,INDIANAPOLIS,9/13/25,2025,Pedestrian,LAFAYETTE RD,UNSAFE BACKING,BACKING CRASH,POSSIBLE,DARK (LIGHTED),CLEAR,DRY,39.838487,-86.245303,COMPLAINT OF PAIN,Other
904800885,MARION,INDIANAPOLIS,9/16/25,2025,Pedestrian,RIVER SIDE DR,WRONG WAY ON ONE WAY,OTHER - EXPLAIN IN NARRATIVE,NON-INCAPACITATING,DAYLIGHT,CLEAR,DRY,39.807722,-86.1924268,FRACTURE/DISLOCATION,SSI
904801596,MARION,INDIANAPOLIS,9/17/25,2025,Pedestrian,VIRGINIA AVE,PEDESTRIAN ACTION,RIGHT ANGLE,INCAPACITATING,DAYLIGHT,CLEAR,DRY,39.763358,-86.15201,COMPLAINT OF PAIN,Other
904802417,MARION,INDIANAPOLIS,9/18/25,2025,Pedestrian,US 31 S & CARIBE MALL,PEDESTRIAN ACTION,NON-COLLISION,INCAPACITATING,DARK (NOT LIGHTED),CLEAR,DRY,39.666336,-86.148112,INTERNAL,SSI
904802732,MARION,INDIANAPOLIS,9/19/25,2025,Pedalcyclist,E 58TH STREET & HILLSIDE AVENUE ,FAILURE TO YIELD RIGHT OF WAY,OTHER - EXPLAIN IN NARRATIVE,NON-INCAPACITATING,DAYLIGHT,CLEAR,DRY,39.858651,-86.124546,ABRASION,Other
904803867,MARION,INDIANAPOLIS,9/20/25,2025,Pedestrian,E COUNTY LINE ROAD,FAILURE TO YIELD RIGHT OF WAY,SAME DIRECTION SIDESWIPE,NON-INCAPACITATING,DAYLIGHT,CLOUDY,WET,39.635824,-86.117972,ABRASION,Other