Master_Record_Number,County,City,Date,Year,Crash_Type,Cross_Street,Primary_Factor,Manner_of_Collision,Injury_Status,Light_Conditions,Weather_Conditions,Surface_Conditions,Latitude,Longitude,Nature_of_Injury,Fatal_SSI
904804074,MARION,INDIANAPOLIS,9/21/25,2025,Pedestrian,MICHIGAN RD & DOUBLE TREE BLVD,PEDESTRIAN ACTION,RIGHT TURN,POSSIBLE,DARK (LIGHTED),CLEAR,DRY,39.905478,-86.21973,FRACTURE/DISLOCATION,SSI
904805203,MARION,INDIANAPOLIS,9/16/25,2025,Pedestrian,9200 DITCH RD & 9200 DITCH RD,PEDESTRIAN ACTION,COLLISION WITH OBJECT IN ROAD,INCAPACITATING,DAYLIGHT,CLEAR,DRY,39.920998,-86.184088,FRACTURE/DISLOCATION,SSI
904805614,MARION,INDIANAPOLIS,9/24/25,2025,Pedestrian,"1550 EAST COUNTY LINE ROAD, IN & ",FAILURE TO YIELD RIGHT OF WAY,LEFT TURN,NON-INCAPACITATING,DARK (LIGHTED),RAIN,WET,39.6380375,-86.1326677,COMPLAINT OF PAIN,Other
904806188,MARION,INDIANAPOLIS,9/23/25,2025,Pedestrian,W 16TH ST & N GOODLET AVE,PEDESTRIAN ACTION,NON-COLLISION,NON-INCAPACITATING,DARK (LIGHTED),CLOUDY,DRY,39.78785,-86.212439,MINOR BLEEDING,Other
904806353,MARION,INDIANAPOLIS,9/25/25,2025,Pedestrian,200 W MICHIGAN ST  & 500 N CAPITOLE,OTHER (DRIVER) - EXPLAIN IN NARRATIVE,OTHER - EXPLAIN IN NARRATIVE,UNKNOWN,DAWN/DUSK,FOG/SMOKE/SMOG,DRY,39.774178,-86.161363,COMPLAINT OF PAIN,Other
904806697,MARION,INDIANAPOLIS,9/25/25,2025,Pedestrian,E WASHINGTON ST & S STATE AVE,FAILURE TO YIELD RIGHT OF WAY,OTHER - EXPLAIN IN NARRATIVE,INCAPACITATING,DAYLIGHT,CLEAR,DRY,39.767321,-86.130639,CONTUSION/BRUISE,Other
904806990,MARION,INDIANAPOLIS,9/26/25,2025,Pedestrian,WASHINGTON POINTE DR & S. MITTHOEFER RD,OTHER (DRIVER) - EXPLAIN IN NARRATIVE,NON-COLLISION,NON-INCAPACITATING,DAYLIGHT,CLEAR,DRY,39.7738026,-85.9875484,NONE VISIBLE,Other
904808223,MARION,INDIANAPOLIS,9/27/25,2025,Pedalcyclist,W WASHINGTON ST & FULLER DR,FAILURE TO YIELD RIGHT OF WAY,RIGHT ANGLE,REFUSED,DAYLIGHT,CLEAR,DRY,39.754489,-86.244858,CRUSH INJURY,SSI
904808933,MARION,INDIANAPOLIS,9/27/25,2025,Pedestrian,SHADELAND AVE,VIEW OBSTRUCTED,LEFT TURN,NON-INCAPACITATING,DARK (LIGHTED),CLEAR,DRY,39.90244,-86.045657,CONTUSION/BRUISE,Other
904808990,MARION,INDIANAPOLIS,9/24/25,2025,Pedestrian,EAST 34TH STREET & BROUSE AVENUE,UNSAFE SPEED,OTHER - EXPLAIN IN NARRATIVE,NON-INCAPACITATING,DARK (LIGHTED),CLEAR,DRY,39.818136,-86.122652,MINOR BLEEDING,Other
904809998,MARION,INDIANAPOLIS,9/28/25,2025,Pedestrian,N KEYSTONE AVE & KEYSTONE AVENUE,PEDESTRIAN ACTION,NON-COLLISION,INCAPACITATING,DAWN/DUSK,CLEAR,DRY,39.822124,-86.121738,FRACTURE/DISLOCATION,SSI
904810088,MARION,INDIANAPOLIS,9/28/25,2025,Pedestrian,E NEW YORK ST & N RANDOLPH ST,PEDESTRIAN ACTION,NON-COLLISION,INCAPACITATING,DAWN/DUSK,CLEAR,DRY,39.771109,-86.128265,INTERNAL,SSI
904810346,MARION,INDIANAPOLIS,9/27/25,2025,Pedestrian,E 21ST ST & N ARLINGTON AVE,PEDESTRIAN ACTION,OTHER - EXPLAIN IN NARRATIVE,INCAPACITATING,DARK (LIGHTED),CLEAR,DRY,39.796303,-86.064601,INTERNAL,SSI
904810689,MARION,INDIANAPOLIS,9/30/25,2025,Pedestrian,200 N DELAWARE ST & 200 E OHIO ST,OTHER (DRIVER) - EXPLAIN IN NARRATIVE,OTHER - EXPLAIN IN NARRATIVE,UNKNOWN,DAWN/DUSK,CLEAR,DRY,39.76988,-86.154415,COMPLAINT OF PAIN,Other
904850203,MARION,INDIANAPOLIS,11/3/25,2025,Pedalcycle,N ILLINOIS ST & W MICHIGAN ST,IMPROPER TURNING,RIGHT TURN,NON-INCAPACITATING,DAYLIGHT,CLEAR,DRY,37.9810646,-87.5657943,COMPLAINT OF PAIN,Other
904836874,MARION,INDIANAPOLIS,11/7/25,2025,Pedestrian,RACEWAY RD & 16TH ST ,FAILURE TO YIELD RIGHT OF WAY,OTHER - EXPLAIN IN NARRATIVE,NON-INCAPACITATING,DAYLIGHT,CLEAR,DRY,39.78659236,-86.32653539,MINOR BLEEDING,Other
904826815,MARION,INDIANAPOLIS,10/2/25,2025,Pedalcycle,KENTUCKY AVE & CAMBY RD,FAILURE TO YIELD RIGHT OF WAY,RIGHT ANGLE,NON-INCAPACITATING,DAYLIGHT,CLEAR,DRY,39.66197556,-86.30913885,COMPLAINT OF PAIN,Other
904844996,MARION,INDIANAPOLIS,11/18/25,2025,Pedalcycle,N GIRLS SCHOOL RD & ROLLING HILLS DR,FAILURE TO YIELD RIGHT OF WAY,OTHER - EXPLAIN IN NARRATIVE,NON-INCAPACITATING,DAYLIGHT,CLEAR,WET,39.78351202,-86.28851997,COMPLAINT OF PAIN,Other
904844996,MARION,INDIANAPOLIS,11/18/25,2025,Pedestrian,N GIRLS SCHOOL RD & ROLLING HILLS DR,FAILURE TO YIELD RIGHT OF WAY,OTHER - EXPLAIN IN NARRATIVE,NON-INCAPACITATING,DAYLIGHT,CLEAR,WET,39.78351202,-86.28851997,COMPLAINT OF PAIN,Other
904832091,MARION,INDIANAPOLIS,10/31/25,2025,Pedestrian,WOODCOTE DR & GRAYMONT DR,OTHER (ENVIRONMENTAL) - EXPLAIN IN NARR,RIGHT ANGLE,NON-INCAPACITATING,DARK (NOT LIGHTED),CLEAR,DRY,39.6593876,-86.26118954,COMPLAINT OF PAIN,Other
904819958,MARION,INDIANAPOLIS,10/15/25,2025,Pedalcycle,W 96TH ST & ZIONSLVILLE RD,IMPROPER PASSING,OTHER - EXPLAIN IN NARRATIVE,NON-INCAPACITATING,DARK (NOT LIGHTED),CLOUDY,DRY,39.925127,-86.25989602,FRACTURE/DISLOCATION,SSI
904842223,MARION,INDIANAPOLIS,10/27/25,2025,Pedestrian,W 34TH ST & N ALLISON AV,PEDESTRIAN ACTION,RIGHT ANGLE,INCAPACITATING,DAYLIGHT,CLEAR,DRY,39.81656868,-86.24782486,INTERNAL,SSI
904824576,MARION,INDIANAPOLIS,10/23/25,2025,Pedalcycle,FORMULA ALLEY WAY & W 30TH ST,PEDESTRIAN ACTION,OTHER - EXPLAIN IN NARRATIVE,NON-INCAPACITATING,DARK (NOT LIGHTED),CLEAR,DRY,39.80901044,-86.22452946,COMPLAINT OF PAIN,Other
904837469,MARION,INDIANAPOLIS,11/9/25,2025,Pedestrian,LAFAYETTE ,FAILURE TO YIELD RIGHT OF WAY,OTHER - EXPLAIN IN NARRATIVE,NON-INCAPACITATING,DARK (LIGHTED),SNOW,WET,39.8071795,-86.2207223,COMPLAINT OF PAIN,Other
904813992,MARION,INDIANAPOLIS,10/7/25,2025,Pedestrian,LAFAYETTE ROAD & 30TH ST,PEDESTRIAN ACTION,OTHER - EXPLAIN IN NARRATIVE,INCAPACITATING,DARK (LIGHTED),RAIN,WET,39.80892874,-86.219834,COMPLAINT OF PAIN,Other
904835817,MARION,INDIANAPOLIS,11/6/25,2025,Pedestrian,W 86TH ST ,UNSAFE BACKING,BACKING CRASH,NOT REPORTED,DAYLIGHT,CLEAR,DRY,39.9097708,-86.2165534,,Other
904822466,MARION,INDIANAPOLIS,10/18/25,2025,Pedalcycle,N TIBBS AVE & W 16TH ST,PEDESTRIAN ACTION,OTHER - EXPLAIN IN NARRATIVE,NON-INCAPACITATING,DARK (LIGHTED),RAIN,WET,39.78778487,-86.21646062,COMPLAINT OF PAIN,Other
904813730,MARION,INDIANAPOLIS,10/3/25,2025,Pedestrian,KESSLER BLVD & LAFAYETTE RD,FAILURE TO YIELD RIGHT OF WAY,RIGHT ANGLE,NON-INCAPACITATING,DARK (LIGHTED),CLEAR,DRY,39.8004946,-86.2109289,COMPLAINT OF PAIN,Other
904827013,MARION,INDIANAPOLIS,10/25/25,2025,Pedalcycle,KENTUCKY AVE & S CONCORD ST,PEDESTRIAN ACTION,COLLISION WITH OBJECT IN ROAD,INCAPACITATING,DARK (NOT LIGHTED),CLOUDY,DRY,39.72702746,-86.21076448,FRACTURE/DISLOCATION,SSI
904814996,MARION,INDIANAPOLIS,10/4/25,2025,Pedestrian,N. MICHIGAN RD. & COOPER RD,PEDESTRIAN ACTION,COLLISION WITH OBJECT IN ROAD,FATAL,DARK (NOT LIGHTED),CLEAR,DRY,39.87901783,-86.2070172,INTERNAL,Fatal
904830741,MARION,INDIANAPOLIS,10/23/25,2025,Pedestrian,W 86TH ST & LAKE CIRCLE DR.,FAILURE TO YIELD RIGHT OF WAY,NON-COLLISION,NON-INCAPACITATING,DAYLIGHT,CLOUDY,DRY,39.91198041,-86.20693585,COMPLAINT OF PAIN,Other
904819119,MARION,INDIANAPOLIS,10/10/25,2025,Pedestrian,JACKSON ST ,OTHER (DRIVER) - EXPLAIN IN NARRATIVE,OTHER - EXPLAIN IN NARRATIVE,NON-INCAPACITATING,DAYLIGHT,CLEAR,DRY,39.76369938,-86.2067623,NONE VISIBLE,Other
904825262,MARION,INDIANAPOLIS,10/20/25,2025,Pedalcycle,BERTHA ST & S HOLMES AVE,OTHER (DRIVER) - EXPLAIN IN NARRATIVE,REAR END,NON-INCAPACITATING,DAYLIGHT,CLEAR,DRY,39.76198439,-86.20524278,ABRASION,Other
904822481,MARION,INDIANAPOLIS,10/19/25,2025,Pedestrian,RUE DR MARGOT ,PEDESTRIAN ACTION,NON-COLLISION,INCAPACITATING,DARK (LIGHTED),RAIN,WET,39.88521246,-86.20235023,FRACTURE/DISLOCATION,SSI
904844016,MARION,INDIANAPOLIS,11/14/25,2025,Pedestrian,N. BELMONT AVE & W WASHINGTON ST,FAILURE TO YIELD RIGHT OF WAY,LEFT/RIGHT TURN,POSSIBLE,DAYLIGHT,CLEAR,DRY,39.766251,-86.19689102,ABRASION,Other
904810794,MARION,INDIANAPOLIS,10/1/25,2025,Pedestrian,WESTLANE RD & HARCOURT RD,PEDESTRIAN ACTION,OTHER - EXPLAIN IN NARRATIVE,NOT REPORTED,DARK (NOT LIGHTED),CLEAR,DRY,39.88548146,-86.1935932,NONE VISIBLE,Other
904815652,MARION,INDIANAPOLIS,10/8/25,2025,Pedalcycle,RAYOND & BELMONT,FAILURE TO YIELD RIGHT OF WAY,RIGHT ANGLE,NON-INCAPACITATING,DARK (LIGHTED),CLEAR,DRY,39.73534857,-86.19294753,ABRASION,Other
904852096,MARION,INDIANAPOLIS,11/26/25,2025,Pedalcycle,S HARDING ST & KENTUCKY AVE,FOLLOWING TOO CLOSELY,REAR END,INCAPACITATING,DARK (LIGHTED),CLOUDY,DRY,39.7434532,-86.1877057,SEVERE BLEEDING,SSI
904842110,MARION,INDIANAPOLIS,11/13/25,2025,Pedalcycle,W SOUTHPORT RD ,FAILURE TO YIELD RIGHT OF WAY,OTHER - EXPLAIN IN NARRATIVE,NON-INCAPACITATING,DAYLIGHT,CLEAR,DRY,39.6636745,-86.1836642,MINOR BLEEDING,Other
904813452,MARION,INDIANAPOLIS,10/5/25,2025,Pedalcycle,DIVISION ST & MORRIS ST,FAILURE TO YIELD RIGHT OF WAY,RIGHT ANGLE,NON-INCAPACITATING,DAYLIGHT,CLEAR,DRY,39.75156859,-86.18315884,COMPLAINT OF PAIN,Other
904812842,MARION,INDIANAPOLIS,10/3/25,2025,Pedalcycle,W 16TH ST & MILBURN ST,FAILURE TO YIELD RIGHT OF WAY,OTHER - EXPLAIN IN NARRATIVE,POSSIBLE,DAYLIGHT,CLEAR,DRY,39.7885783,86.1789925,MINOR BLEEDING,Other
904820789,MARION,INDIANAPOLIS,10/17/25,2025,Pedestrian,TENNIS COURT CIR ,OTHER (DRIVER) - EXPLAIN IN NARRATIVE,RAN OFF ROAD,NON-INCAPACITATING,DARK (LIGHTED),CLEAR,DRY,39.923563,-86.178603,COMPLAINT OF PAIN,Other
904824437,MARION,INDIANAPOLIS,10/22/25,2025,Pedestrian,WEST 46TH ST. ,UNSAFE BACKING,BACKING CRASH,REFUSED,DAYLIGHT,CLOUDY,DRY,39.84054208,-86.17302309,COMPLAINT OF PAIN,Other
904819663,MARION,INDIANAPOLIS,10/14/25,2025,Pedalcycle,JEFF RD & FABYAN RD,FAILURE TO YIELD RIGHT OF WAY,RIGHT ANGLE,NON-INCAPACITATING,DAWN/DUSK,CLEAR,DRY,39.64828449,-86.17279251,ABRASION,Other
904822989,MARION,INDIANAPOLIS,10/20/25,2025,Pedestrian,DR. MARTIN LUTHER KING JR ST. & W 26TH ST.,PEDESTRIAN ACTION,OTHER - EXPLAIN IN NARRATIVE,POSSIBLE,DAYLIGHT,CLEAR,DRY,39.80427637,-86.17103585,COMPLAINT OF PAIN,Other
904833562,MARION,INDIANAPOLIS,11/4/25,2025,Pedalcycle,KENTUCKY AVE & W HENRY ST,OTHER (DRIVER) - EXPLAIN IN NARRATIVE,OTHER - EXPLAIN IN NARRATIVE,NON-INCAPACITATING,DAYLIGHT,CLEAR,DRY,39.75985473,-86.16993898,ABRASION,Other
904813674,MARION,INDIANAPOLIS,10/6/25,2025,Pedestrian,N BLACKFORD ST & INDIANA AVE,FAILURE TO YIELD RIGHT OF WAY,LEFT TURN,NON-INCAPACITATING,DAYLIGHT,CLEAR,DRY,39.77745856,-86.16984686,ABRASION,Other
904827121,MARION,INDIANAPOLIS,10/27/25,2025,Pedestrian,W MARYLAND ST & S WEST ST,FAILURE TO YIELD RIGHT OF WAY,LEFT TURN,INCAPACITATING,DARK (LIGHTED),CLOUDY,DRY,39.76583827,-86.16718113,UNCONSCIOUSNESS,SSI
904829686,MARION,INDIANAPOLIS,10/29/25,2025,Pedalcycle,W MICHIGAN ST & DR MARTIN LUTHER KING JR ST,DISREGARD SIGNAL/REG SIGN,OPPOSITE DIRECTION SIDESWIPE,NON-INCAPACITATING,DARK (LIGHTED),RAIN,WET,39.7742973,-86.16671,COMPLAINT OF PAIN,Other
904844859,MARION,INDIANAPOLIS,11/17/25,2025,Pedestrian,W NEW YORK ST ,FAILURE TO YIELD RIGHT OF WAY,OTHER - EXPLAIN IN NARRATIVE,NON-INCAPACITATING,DAYLIGHT,CLEAR,DRY,39.77151766,-86.1664795,COMPLAINT OF PAIN,Other
904822902,MARION,INDIANAPOLIS,10/6/25,2025,Pedestrian,I-65 NB & 114.3 MM,PEDESTRIAN ACTION,OTHER - EXPLAIN IN NARRATIVE,NON-INCAPACITATING,DARK (LIGHTED),RAIN,WET,39.79429606,-86.16456386,COMPLAINT OF PAIN,Other
904847742,MARION,INDIANAPOLIS,11/20/25,2025,Pedestrian,N CAPITOL AV & W MARYLAND ST,FAILURE TO YIELD RIGHT OF WAY,OTHER - EXPLAIN IN NARRATIVE,NON-INCAPACITATING,DAYLIGHT,CLOUDY,DRY,39.76573518,-86.16177383,COMPLAINT OF PAIN,Other
904831681,MARION,INDIANAPOLIS,10/30/25,2025,Pedestrian,S ILLINOIS ST & W MARYLAND ST,PEDESTRIAN ACTION,NON-COLLISION,FATAL,DARK (LIGHTED),CLEAR,DRY,39.76566673,-86.15996709,CRUSH INJURY,Fatal
904815631,MARION,INDIANAPOLIS,10/8/25,2025,Pedalcycle,ILLINOIS STREET & 16TH STREET,FAILURE TO YIELD RIGHT OF WAY,LEFT TURN,NON-INCAPACITATING,DAYLIGHT,CLEAR,DRY,39.7875788,-86.15950252,COMPLAINT OF PAIN,Other
904833176,MARION,INDIANAPOLIS,10/11/25,2025,Pedalcycle,S MERIDIAN ST & E TROY AVE,HEADLIGHT DEFECTIVE OR NOT ON,RIGHT ANGLE,INCAPACITATING,DARK (LIGHTED),CLEAR,DRY,39.72242879,-86.15871928,COMPLAINT OF PAIN,Other
904822537,MARION,INDIANAPOLIS,10/19/25,2025,Pedestrian,S MERIDIAN ST & W WASHINGTON ST,FAILURE TO YIELD RIGHT OF WAY,LEFT TURN,INCAPACITATING,DAYLIGHT,CLOUDY,DRY,39.76700271,-86.15810028,FRACTURE/DISLOCATION,SSI
904848548,MARION,INDIANAPOLIS,11/20/25,2025,Pedestrian,W NEW YORK ST & N MERIDIAN ST,FAILURE TO YIELD RIGHT OF WAY,LEFT TURN,NOT REPORTED,DARK (LIGHTED),CLEAR,DRY,39.771314,-86.15795104,NONE VISIBLE,Other
904822988,MARION,INDIANAPOLIS,10/20/25,2025,Pedestrian,MERIDIAN ST & 22ND ST,FAILURE TO YIELD RIGHT OF WAY,LEFT/RIGHT TURN,NOT REPORTED,DAYLIGHT,CLEAR,DRY,39.79738935,-86.15718832,NONE VISIBLE,Other
904820352,MARION,INDIANAPOLIS,10/16/25,2025,Pedestrian,W 30TH STREET  & NORTH MERIDIAN STREET ,OTHER (DRIVER) - EXPLAIN IN NARRATIVE,OTHER - EXPLAIN IN NARRATIVE,REFUSED,DAYLIGHT,CLEAR,DRY,39.8101544,-86.15679208,COMPLAINT OF PAIN,Other
904811420,MARION,INDIANAPOLIS,10/2/25,2025,Pedestrian,MERIDIAN ST & FALL CREEK PKWY,OTHER (ENVIRONMENTAL) - EXPLAIN IN NARR,OTHER - EXPLAIN IN NARRATIVE,NON-INCAPACITATING,DAYLIGHT,CLEAR,DRY,39.8042313,-86.15661284,COMPLAINT OF PAIN,Other
904847776,MARION,INDIANAPOLIS,11/21/25,2025,Pedestrian,N PENNSYLVANIA ST & E OHIO ST,VIEW OBSTRUCTED,LEFT TURN,REFUSED,DARK (LIGHTED),RAIN,WET,39.769868,-86.15615,COMPLAINT OF PAIN,Other
904814694,MARION,INDIANAPOLIS,10/6/25,2025,Pedestrian,N PENNSYLVANIA ST & E OHIO ST,IMPROPER TURNING,OTHER - EXPLAIN IN NARRATIVE,NON-INCAPACITATING,DAYLIGHT,CLOUDY,WET,39.769868,-86.15615002,COMPLAINT OF PAIN,Other
904853032,MARION,INDIANAPOLIS,11/29/25,2025,Pedestrian,E OHIO ST & N PENNSYLVANIA ST,FAILURE TO YIELD RIGHT OF WAY,OTHER - EXPLAIN IN NARRATIVE,NON-INCAPACITATING,DARK (LIGHTED),SNOW,SNOW/SLUSH,39.769868,-86.15615002,COMPLAINT OF PAIN,Other
904843984,MARION,INDIANAPOLIS,11/14/25,2025,Pedestrian,N PENNSYLVANIA ST & E 11TH ST,FAILURE TO YIELD RIGHT OF WAY,OTHER - EXPLAIN IN NARRATIVE,NON-INCAPACITATING,DARK (LIGHTED),CLEAR,DRY,39.782242,-86.1557188,FRACTURE/DISLOCATION,SSI
904841082,MARION,INDIANAPOLIS,11/10/25,2025,Pedestrian,N DELAWARE ST & E NORTH ST,PEDESTRIAN ACTION,OTHER - EXPLAIN IN NARRATIVE,INCAPACITATING,DAYLIGHT,CLEAR,DRY,39.77557973,-86.15422358,FRACTURE/DISLOCATION,SSI
904815853,MARION,INDIANAPOLIS,10/9/25,2025,Pedestrian,200 E WASHINGTON ST & 1 S DELAWARE,OTHER (DRIVER) - EXPLAIN IN NARRATIVE,OTHER - EXPLAIN IN NARRATIVE,UNKNOWN,DAYLIGHT,CLEAR,DRY,39.7669533,-86.1544451,CONTUSION/BRUISE,Other
904823303,MARION,INDIANAPOLIS,10/21/25,2025,Pedalcycle,VIRGINIA AVE & LOUISIANA ST,FAILURE TO YIELD RIGHT OF WAY,RIGHT ANGLE,NON-INCAPACITATING,DAYLIGHT,CLEAR,DRY,39.76320086,-86.15168443,COMPLAINT OF PAIN,Other
904810765,MARION,INDIANAPOLIS,10/1/25,2025,Pedestrian,400 E 10TH ST  & 900 N EAST ST,OTHER (DRIVER) - EXPLAIN IN NARRATIVE,OTHER - EXPLAIN IN NARRATIVE,UNKNOWN,DAYLIGHT,CLEAR,DRY,39.7808044,-86.1493561,COMPLAINT OF PAIN,Other
904835845,MARION,INDIANAPOLIS,11/6/25,2025,Pedestrian,E VERMONT ST & N NEW JERSEY ST,OTHER (DRIVER) - EXPLAIN IN NARRATIVE,OTHER - EXPLAIN IN NARRATIVE,UNKNOWN,DAYLIGHT,CLEAR,DRY,39.77260517,-86.15070904,COMPLAINT OF PAIN,Other
904819664,MARION,INDIANAPOLIS,10/14/25,2025,Pedestrian,S. EAST ST ,FAILURE TO YIELD RIGHT OF WAY,LEFT TURN,UNKNOWN,DAYLIGHT,CLEAR,DRY,39.7056743,-86.1501663,NONE VISIBLE,Other
904819441,MARION,INDIANAPOLIS,10/13/25,2025,Pedalcycle,CENTRAL AVE & E 37TH ST,FAILURE TO YIELD RIGHT OF WAY,RIGHT ANGLE,NON-INCAPACITATING,DAYLIGHT,CLEAR,DRY,39.82357397,-86.14982404,COMPLAINT OF PAIN,Other
904845794,MARION,INDIANAPOLIS,11/16/25,2025,Pedestrian,E MORRIS ST & S EAST ST,FAILURE TO YIELD RIGHT OF WAY,LEFT TURN,NON-INCAPACITATING,DAYLIGHT,CLEAR,DRY,39.751489,-86.14959898,COMPLAINT OF PAIN,Other
904851407,MARION,INDIANAPOLIS,11/24/25,2025,Pedestrian,CENTRAL AVE & 21ST STREET,PEDESTRIAN ACTION,OTHER - EXPLAIN IN NARRATIVE,INCAPACITATING,DARK (NOT LIGHTED),CLEAR,DRY,39.79521481,-86.14947285,COMPLAINT OF PAIN,Other
904815593,MARION,INDIANAPOLIS,10/8/25,2025,Pedestrian,560 N EAST ST & E  MICHIGAN ST,OTHER (DRIVER) - EXPLAIN IN NARRATIVE,OTHER - EXPLAIN IN NARRATIVE,UNKNOWN,DAYLIGHT,CLEAR,DRY,39.7738939,-86.1487225,COMPLAINT OF PAIN,Other
904824817,MARION,INDIANAPOLIS,10/23/25,2025,Pedestrian,ORANGE ST & S EAST ST,FAILURE TO YIELD RIGHT OF WAY,RIGHT ANGLE,NON-INCAPACITATING,DAYLIGHT,CLEAR,DRY,39.74963701,-86.149367,COMPLAINT OF PAIN,Other
904850341,MARION,INDIANAPOLIS,11/21/25,2025,Pedalcycle,E WASHINGTON ST & N EAST ST,IMPROPER LANE USAGE,REAR END,NOT REPORTED,DARK (LIGHTED),RAIN,WET,39.76687801,-86.14901903,NONE VISIBLE,Other
904847735,MARION,INDIANAPOLIS,11/20/25,2025,Pedestrian,VIRGINIA AVE & S EAST ST,FAILURE TO YIELD RIGHT OF WAY,OTHER - EXPLAIN IN NARRATIVE,NON-INCAPACITATING,DARK (LIGHTED),CLOUDY,DRY,39.7612404,-86.1492504,COMPLAINT OF PAIN,Other
904824547,MARION,INDIANAPOLIS,10/22/25,2025,Pedalcycle,TURTLE CREEK NORTH DR & TURTLE CREEK SOUTH DR,PEDESTRIAN ACTION,OTHER - EXPLAIN IN NARRATIVE,UNKNOWN,DARK (LIGHTED),CLEAR,DRY,39.6899335,-86.14778984,ABRASION,Other
904844362,MARION,INDIANAPOLIS,11/16/25,2025,Pedestrian,MADISON AVE & E HANNA AVE,FAILURE TO YIELD RIGHT OF WAY,OTHER - EXPLAIN IN NARRATIVE,NON-INCAPACITATING,DAYLIGHT,CLEAR,DRY,39.70935378,-86.14179796,ABRASION,Other
904813546,MARION,INDIANAPOLIS,10/6/25,2025,Pedalcycle,PROSPECT ST & VIRGINIA AVE,FAILURE TO YIELD RIGHT OF WAY,RIGHT ANGLE,NON-INCAPACITATING,DAYLIGHT,CLOUDY,DRY,39.75227059,-86.1400605,NONE VISIBLE,Other
904818784,MARION,INDIANAPOLIS,10/13/25,2025,Pedestrian,E RAYMOND ST & SHELBY ST,PEDESTRIAN ACTION,RIGHT ANGLE,FATAL,DARK (LIGHTED),CLEAR,DRY,39.73764605,-86.13965226,CRUSH INJURY,Fatal
904844252,MARION,INDIANAPOLIS,11/15/25,2025,Pedestrian,SHELBY ST & CRUFT ST,FAILURE TO YIELD RIGHT OF WAY,RIGHT ANGLE,NON-INCAPACITATING,DAYLIGHT,CLEAR,DRY,39.72949663,-86.13963595,COMPLAINT OF PAIN,Other
904823190,MARION,INDIANAPOLIS,10/19/25,2025,Pedestrian,SHELBY ST & FRONT ROYAL DRIVE,PEDESTRIAN ACTION,NON-COLLISION,FATAL,DARK (LIGHTED),RAIN,WET,39.6464676,-86.139455,INTERNAL,Fatal
904829937,MARION,INDIANAPOLIS,10/27/25,2025,Pedalcycle,CARSON AVE & SPARROW AV,PEDESTRIAN ACTION,OTHER - EXPLAIN IN NARRATIVE,FATAL,DARK (NOT LIGHTED),CLOUDY,DRY,39.71748885,-86.13133998,CRUSH INJURY,Fatal
904831662,MARION,INDIANAPOLIS,10/27/25,2025,Pedestrian,NICHOLAS AVE & 33RD ST.,LEFT OF CENTER,OTHER - EXPLAIN IN NARRATIVE,NON-INCAPACITATING,DAYLIGHT,CLEAR,DRY,39.81656461,-86.12641474,COMPLAINT OF PAIN,Other
904832301,MARION,INDIANAPOLIS,11/2/25,2025,Pedestrian,E 52ND ST & CAROLINE STREET,FAILURE TO YIELD RIGHT OF WAY,LEFT TURN,NON-INCAPACITATING,DAYLIGHT,CLEAR,DRY,39.84767447,-86.12616853,COMPLAINT OF PAIN,Other